{"file_hashes":[{"block_hashes":["4dE5Q2Gsm8tsEcxSza0jjN2AbQmoAWw7uu6bNMyXK6I=","675q/xTFoS8NSIfRjo1xPWgo8/u9Wnp1FO0mPEr9z+s=","1GE28KpbUKiAPQpqdksGgJIQNEl2V7RQ58xx1G0e3yk=","UbsEFP8OCY5SajWwLpM7qh3+8iQoIzjKXXTZluP6M+c=","eeFsLVNboniABvJ6SC7BXnrkY6h2EsIp0nvFzxH31Zk=","AjeMYa+06B5aDlWMOBoUFVj2eogCMyjNshl5Uz/TEMo=","POpbBslIGxv7RNp9iIWl+Y4ZOD0MD3O/fct6kg9Zrlg=","RDjqPPRuLBZPRwoA/Axmhji1e8tCGveRxRwHr/fe2C4=","8vnhmW8Lu32MJ40dGmhsjPc4xQsGqlF0a8FodmSB57w=","L/YlsvyhzauwsT6FIUw58IvYbyhm09rYv3t+qnbpbhg=","aA5NLIZtPEnBJx/eKA0AWAscB8stRAMxMBl4rR2kpuY=","T8g5JB06TgJHowouu8X/WKIz/aeiuGxaVLVR+rEKgaI=","TnGMlkopd4LjxAJB051u4bZ31dYNQGRmUEbgMutRr9g=","xS5cl11h5N0pLtiDfhjsvxe4XxwGNryYskAKKxQn4PY=","VH21drqnrtfQnK64bBlo+VRYTRxk1VqZOr53R7EF7PE=","SejpF7g4bo6nQ6tXH4q+ijcE1Vj1N7tKzoIMJyX9PRQ=","sqJZHjANmQEBumSuAFCNVq+voZ1aHoX1ZeupOGVExi4=","Hq16SbGGs1yLilhAwH6BR9NPUn84CNWRvwx1DlStONA=","p8yBjoheTmBhYgJVNwPtbe5wt2pwpB9A1cBHY+Cdz1k=","iutdTH/7x0R8qZOi6gWO8MvpMer9oIOIsy0zgEW5vLc=","ElgIRiPKtDlYOGjdOU/yi8xsutQP9N+EQybvBGnKnEA=","H/cIun13gwdXSDKRHzGWGDO2E98r6X7R0HgzRFO+Rog=","MDNMbgHdK0DDBh9HX8E+Ug2RHxBDk9RxQgxj8jemYfU=","9cyNaOH3MtZrPqTSMxBkPsNBPWH3/4tweXANHcGwWXU=","cEX4HP9XmAXfAI3cteIHLGpAiMjlNteMvZMtybu6PvI=","LP/RiY9036VfgG4ZPR8XM07Jr2pv/G6AylscxyUgXN4=","T1T17ZwXicgvxuULBn5d8R+03qh8VFd4FlONtxhsuNM=","Qqv0OI5KdDECZ6HDaA2ohi9G5wp+b4LZYeZCM6Y+wqE=","W5xW+ihSeNtZCKKBdDzDIAvxQUG39UTIpnSPIunQjfQ=","BaKOLs4NZGlo/0NwuqfwEABZ4UFmaGtnsh2edMIXsws=","yB8qsnGtYMmzdyTDiXfpi4qlQ2YQKK+PS7Cb8ShVsIs=","gtSjhy46MryGml8yg9VWvmhxShON013T7GWymKRZvFc=","4eaMUcCnqoZQ/yWa1g+zRe2MhazTTxVk0qEX76mgWPE=","OuZKx1rZncKOedKrPbpuQQlfW2C3C6yhvlXEPfsEw90=","Kcp0irBZAOeLIuxVloKf/oaEzzT2nA+N3bzUBhzZ3T8=","bJrtW7oaUxXPchfLZK7g+iLantExHS58Ze71UHTVERw=","PlfiLBHgzyA1MLABVfPsZkPOsmR20Iq6gwp7KCg5AEM=","RzR3PyN9ZDHtgAnAAl40OHz8mvtEMxAnRMApb8YTsvc=","9HfZ8P7WQF450gO7nTe3lsH0KT9mkkBFod3ATQHEk1Q=","tiBaBJMINvXM7zMrQaSTMGuURs5Ib/oOOYJmgfoiRU8=","nITydy4b0mflMQocD7idHSYhus00gesAe4W9GwYg/F0=","ARXE/ij6CHJGeVaktrwwBWQNWwGdQC7SrfV9PWFf57A=","kYcn24RResQGqZhB5jSMMdQxWfZAy1cfJ0McOTvwSAY=","6CK4lLYVlaO7dcNzEvw4mGP7LdAsScW6QscQTJtxSRc=","WanQGaHXp+xS8CdIk0F4yIzmbyi9iF2VL/FneitH4oc=","h8BsJqh99YiTQvl0pHPTJP/1BJViygHezDvaDJK3BVk=","P9/e6hgpk3yg6Q5ppEWQP4yuyKJbU3wp4cdEPoBKdgQ=","oCNcjovwm6uFYYaAY/NToWh9Sq/m/A/sxnDawyhN+VI=","HUtAGjUuvB+B9lAN1CiRD2lYvOxFJn3sx9DzSlD8r94=","JLk7iNyJSC/rEBY7BFVpq1xhsTjRygoggEjxfZ3MBUI=","t0t+kk3A06dABl27UjbynuUcNqOcyW/KiwVO+8JpCA0=","kskerUxkWNontfMdFBXRNFiNUOhPVY85UX4v0aadzT4=","D6R6rt1cznWVthnLQu6QerPCsylbDh32hAeOiXaSv9Q=","egZVFHU4Bsnia8cBRFx/IFgv5MWOrNf7jjg+RA8UNN0="],"block_size":4096,"path":"background.js"},{"block_hashes":["arM/O2g1JlzmIOf+RrCIrGHQvmDYBlYiMw0rhRF0pcA="],"block_size":4096,"path":"blank.html"},{"block_hashes":["8rvZAwIVJyJQVvNbhwOfHFPo8nQNL2Jq66tpI31idFo=","lalISvkU2TEr4fVFIvS8Ej3ISMbC0WQZ+tDJmQa8UpU=","QRj+q7rzzmRq4wbdtiHwCstsWUvgoJT5Biu4iygUrrM=","EikhDtIWtwhPjy1NSqdFRd5U1LB2oZJ/UUfRETawTGs=","aN+GQREapfYUW6L28yyuD8blUm5HSByjafLHEmXg9YM=","YjSIMtZnO/2yngc3wYc0QW8CgK6Pf0s9HGAdEBuJwuQ="],"block_size":4096,"path":"content.js"},{"block_hashes":["5Ofzito6kYsZgnzG8RaXcY0DU/rMebYkQpq4hbOuf/w=","HgjgMGx9INe2DOfKfoHChKsGZ8v8xmiIdfAqsd3Q2pI="],"block_size":4096,"path":"defaultlayout.html"},{"block_hashes":["3cDD3MyrLiph24QjF3opklDLxrTRs3RCiJNM9F60kR8=","TNKkWPU9jDb1YDBAeoG3cpsguQXXuNt75bEhTOdCDY0="],"block_size":4096,"path":"defaultlayout.js"},{"block_hashes":["4Zr5ZiMeogSF0yvgzZhjDQDA70rOqBTVsDWiTdmqjVQ=","Fs1EydlOJJPqSixnUF8fAR1goxUcEY9SGxoywJlFE5E="],"block_size":4096,"path":"deletelayout.html"},{"block_hashes":["wUjaJtI6HvRPeIXM9qSU+RCQGYuY4VjvCEh8hR84vVE=","v/BbTFYuRsL+hHjPb5VXgaQs02OyXunqMqexyfhv0ww="],"block_size":4096,"path":"deletelayout.js"},{"block_hashes":["xFWEM8s7YzK4z7IiyfhWbzs/ZYnOu/wTTvbspVfHMH4="],"block_size":4096,"path":"keepopen.html"},{"block_hashes":["sDjKG/1STgOcGtfdYJXD0oH84l+zKHdqfatqnW8xm0k=","uLhkJD6WEDsXUX9t0TsUyW30OjiTjhF2dleHrCwqxqA=","A+DCwe1uuKEjuFz74KhNJPn8GbIg4I7e3AG5MyAYrQ0=","O+hFN/KywPZc3MpP9txRZ0LS54l0sjhKw8lXfeKHSdA=","/kNNkH57rAb4s5Dj3UktxqwoR8ceZbppTfb0Py67HOU="],"block_size":4096,"path":"LICENSE.txt"},{"block_hashes":["3TsAPn6YMtFtIjkY1EOYyMKHnHloRxz1D8XHTO1ScJM="],"block_size":4096,"path":"manifest-GC.json"},{"block_hashes":["Sb78ZIH3KOJ7kUJ398/CBZTNruRmckkMw9VBvGG+PyM="],"block_size":4096,"path":"manifest-MF.json"},{"block_hashes":["RW/XarlnMbNJ+5KpJ5FMEczudphkoZWi4qMiFEPyzZY=","CWmG7ITKUziYBXWkJW8EI6HYTkeOYjQjG5PqQE599E0="],"block_size":4096,"path":"openlayout.html"},{"block_hashes":["LK6ni5VF17vXOJyYvTXm1F+IxBoAQarAD4Glll2DRI4=","cHc8P7aMnQUyz6e+4whxI51VvJ8YUylTwVTaoStpYtU="],"block_size":4096,"path":"openlayout.js"},{"block_hashes":["R5VqsguQAMD2I2bkoQKdCpMZuZmNppkAmmH3TBiuBIA=","wlHHnBU7zjk61GSJjxGrqQGYU9olHa/TNrJD7O7PHSs=","hb77XQEt0V2mfypO2P4EYtOYABqKT7DRTSFQKGN7tYI=","/J/WzmgMDNPrQKFMBQExo2jEVo1yGgGi8FY2Uk7iaYY=","TF5oV+FWPiz30v1YDMuEg3B6y1VzIWa2ALVUfuAHGuQ=","H2k15AdWEaB+/U7Z9+nCeNP7bELRWkWUcodqyVcyVVM="],"block_size":4096,"path":"options.html"},{"block_hashes":["AWYQemyfnb6uDebxKPWF4ng6HN9/uChCJLdPs/nPprA=","zlm4XhWYLagEjAUJsfj9y0vodzG1eeaAY9V6FP0vyvs=","OJw04/9rLNyHK6SW5oHOYi5DtKjbzC6QbuxvbbS6cAk=","ZME4otf5V0Lw9kxw2v9NF7HB5j8NcWrLTjL3VogEiZY=","pQXncQSm8HjHvZ96VdDq/gcCxYUyjIRYAFYshRNFdGc=","zL6DuyUo95gaJy5DNm55TZr1Nla1hOxIcOb4FI1gI2Q="],"block_size":4096,"path":"options.js"},{"block_hashes":["HjJRk/+cDUD9fdSqXCTj2NLNTxTWY5IGQeF/cCdt1so=","Uye6IYNSFI2+kY4t0ZhUrnApm3PplKsQAVO1LXYVdrk=","JPbqKgR16UYJOf+IlIBg80L0VKKSZRpxLVVAe5aozKg="],"block_size":4096,"path":"savelayout.html"},{"block_hashes":["4EqeIVxhqd6D7fej4UeXlKiDjAjXGaVIkjvQM2C2jMQ=","uDqSr/+AjA0JJNf2pDCeBLPFtIFOee74iy6E+6v5n50=","hR4tJQDv276VTxXwY1F+VLI256rriW/wQlOiyWS8yTE="],"block_size":4096,"path":"savelayout.js"}],"version":2}