{"file_hashes":[{"block_hashes":["jtQP8+7zSfgXYyeu0SoUSAcL1QPcPxt3Dfoi3DxZFBw="],"block_size":4096,"path":"background.html"},{"block_hashes":["dXdJPVTfmvmONHQcX3ysiKURkIvJoYLUD5ZsgzQvpks="],"block_size":4096,"path":"ckeditor/adapters/jquery.js"},{"block_hashes":["NHB4wQ151e3p1VV3+KceZaO7Y7m7BuhMpfAP+v9Ho9o=","lCy/OmpFNV1+OSg+mfBZYh6CFWKQDP3RCLaqUFb4wc0=","WUTs7Uk/7Vj94qRyx7h+JIk+qi/a0jEkozZYtRunknM=","GtkgRUElXZ8T4O41ahJSgq/Bot7PCb8KyXuy2Ld9+NU=","MCLBWucmDWmGYRNjR8oh8fJgU6IPfAElrSzIVn/qw88=","7e5wEnmm74WGLypfnZxSwl7rmx+TEUBDrhZ2Qfqus9c=","5k5H0fTY1bw9hJWurqtCjdLyEUqhjOXrpAb3IpzHbjY=","Ze29+6Baf/cfb+ArOJm++qZArcT5KrHO7EbxAhDkawc=","XyI3oEWQFbNruWvtrU6INEn79bxR5a3SvzCOVkBVZYQ=","zmWyRhnYxD5TT4Gw4Fb/ejPESgXJQkc0VROoPsKGumY=","TJfPKJEAX0CWCxiR+K09PNKEpR6OVbj37zsSW8QJ/tQ=","h2tJCXPq+PCF7W8kt8hrQw62PI2qAFcIpVp2edDI/Jg=","CSK8B8j834BQslthnbbZ7qJxTuwNCdbNZW6Y7ech8vQ=","+7UY2d4ArZwnXh+PDAut1YfaTt+G8B3bsuu0TKNa/J0=","5pjTmyDMwyTzuNKvuAw3SgtAn3TiA7H+pMSI8mooNTQ=","FJE4OrfBQd9SH6zc0VNpXvV8XrqVxfEZvQCsQwZnvUA=","Cm8V/bCvRyWgHWRclSmTbAmCvF1Pjq9eN3pzsHcJvpY=","3fuo8Ak8F2bmcVNFFR7KHEa0sLfqVqpeDqiWas9ug/4=","YHLyTE+6TxNzkHMrD/BSccy/ONcLuK7DpzF8ueL6IJw=","y4kxb3UxC6V2k1pQXnFzyzTc9Yl8MmsHmI8DxDeLxJg=","TNMyngXfgoWmPXW5V81aqs9so6PKg6PNJ364Vf/tMEQ=","TShj6TSINY7xeg7vNCEqxzKnDgMvhboRMegK3y25DJs=","lY2sTUQ9EkPrBTq13IaVqnxhPO3TLgPax4KqH0VM6Fg=","T7re29ZQEJS+g/04g8Pw3bEdCrLpw5vvZgEJBIzpTWY=","UN2Fon9CvPMHjtOSgKaGz8eO62XdQ6tcX7IV5h7ZX3o=","L8rOxcBCvbsiNSYr2vVtLHRJB4K9olcuZj94BGpVvOU=","dmW5ssC+7gv7+OdP3vzG/3rtWk1AuUFD0gI9WV0G3eY=","ui01LJlYJcQum/mm0nov+MXBca55ytm1ia9sFmhgx78=","O1J2cHfGkaWLU8/UIa/W0au5ykWQtxEe0r5zdiz6AZs=","qewY+nZWiRsVFmBhJBRBtaW4TeSXQQ9YAliFNCljRGE=","dcnIIe4QIjvOLl/j1icwbc4Wcgsd6McacRVx6gW27V0=","lPkNlhu0aY8qaZP508TLP7st2tetYYXtDlYrzzGF2aU=","TijDt/jludtkSOlnuLTOr+RtBFcyhYU3T4mYR8M50a4=","xjkacpInqdv1aPKWP563J+YW9pL+UntRbpF9mJjU2E0=","e3YFTsPl5dKZHzSAETkXAHL754duapxgbLCkr8n9br4=","lUHKxDt4akDuwbbESfd6wpXlsCb9A92RW1txfnqfeKI=","eVAUkBcshN3Dq6zNEms69pD+Ltm+NAQeANxuiSN0F64=","mrxsfVoYxy/j642x+YH3qFZYjob37u2o8AEW5rcueGU=","FtAoS1/x2Em4/XGkhJ+uIZt7Fev65V1QKsZ1XTpRpTo=","AyUpz1OLGtBXvHSU5rxe0Jg6cwLs5YOlynhxLWl9YFE=","PLhhleYBIywoRSL3IWHi4IXhgf5Q5wY7+5NcYMk27WU=","0Mq1/v6+2gCjyqMt9atyBXS2HMvAqh47EbwSD5489Es=","SKT4pU5SUwTOoYxSftTwKkPXOF0dHXpSNH6zkfqoizs=","NsLG2X2+t7SKjvuoJ9oSR3rgWAL8eMNItcvH9IWHei8=","ALE2Bw576dI6CXyFQ7dbc8fzNboBMly8P1nBa3vZAMs=","L4UcaOUSjorzOmZUtKODRDGKBtYpu69gZTSFp/GEjrk=","3RsBQu/yeu4E+AkgfLQbqiaFFy77sKhrIRnr/Qg4eLk=","KJSF3e0vQDH41s9ZX5eDL949xAgoSpXAbYmwNkl91eI=","qgPd9jaXreMVtm0qXZDQ+20Ge94y0ix6kNwJV5b6O+Q=","sqFXaLgE3zOjov0pyTI1ZbbHRAXdq1OA8rI6YAj1xqQ=","cXm1BEEE3nR0qmQK0k+sxoFyzR8rK4BPkKME3sR3/C0=","ns5LEdrwBOMLDfLnX1MEpMRyiX5uX44+jE29aWU/29o=","rc1q61h+zgWq9XaMMPZFAnBq1ghKSijIOLzZ/uDdiW4=","LGVc6/ynjiKAheSiTcqwVWYh/lsjzZJYYrSiS4KJYUI=","c5P0xBr2B+PARCh62s2tpbS7kINOEw4t5M4UFNfIkMg=","SZPxtVe9/nboyOOv2JbDjTdxw5s7KVY1hQLix3pmrcQ=","7KH6k+TmJwCU6x4V6h4HIQQ9x9B+WvTS81CZcOWyqnc=","DBZcqlZo4gxj5LcwMK1cSaPOcI71VMwuVBoaMmok2Sc=","FBP+SXKoorTiXY++srRzhlxaQvGn+//fKxKLdNPTNRk=","IHlnz8i4Gd/mok7EMdBUnysgRRjOUZnC/GpreX4SMoA=","UvnJu++IxSStlylWuK1biBGKCBsX+La4eznrQD9nesE=","Z1PFUHnTXP6iMlK3p8o+249k3N2zX5ejHlr5ZPiRtZE=","4mciDbePEdWb/w60odv/211bHLs8+VRIlSqzmktomX0=","zk0W45n+UqoTFVUFH43eFY5W5raRTyNZtASZVTUKqAA=","j6h37dX1dj4YS9efA/inAOybEdC0GdlChPyoSK/fdKc=","VIHAtO6oHh+sE+lEWJIq0Gj8ptwSXe7VgDd8vz7UyzY=","WIwF/erNT07WVedPVcceM+yUkIUl4nNm85lB+F+4SlU=","8vY7gB0lEqgNp7J1UptdKvnnyhzFuo9im1cqNrck6h4=","OL+evBtdeH8EqYC/xsKuH6nZSWTihvwfjPm2h+0QvVw=","Ll45yr3jl+6z+Bvtixs4oovSFS6Fiamu81MVIpNPnyo=","pSpJBaIPdCkqc7UwNY4ulgveiXfcdgxSuxl5M+Orzh4=","bTteY15kc+sB8gs/i7Ga/DRL34XbjEgh7JSsDKzqbwo=","7hirADXjlXw356YJ+nP+ge1SIvdodbquvNPK34ZlBsU=","qG07V3Ua42IjqMcj3GbVqNSiqBvtp4qdCBTnd8uOVc8=","XgusmEB7zB8G13lBhk8J3U1+BvHmOxnAF/a9TmuO/3w=","eldGAJw74h9LH2oeOLGR0gxyfnVsKbqbhn1K+gBF4LI=","YssOEuObJsijfJ1PrqFdsQySHr+kovpZWA3y/CZzqKE=","QfXTrjfOFxYqm3X74LmeXvDYhydlidJFrweLt5HUKWg=","hDdak2CuN7xA9yTWd/+C0Osr3Ucc3hliZP7LoApF/zA=","RdfuNOr4A7V4Ch3qK7W4HD02Cbgd8SgfGQZ9w/DR1uI=","F11EzQAEVkisbpf64OKXrCNpe73icOhL3D0j9+WhsuA=","D7LWZelmi2QOSaBmbotDqd6/7izqZhoKJI8nyrvknN8=","bLS2vxgRmmq/QQzaoJcKqKYlOsI6ucPuNkd2im6+20k=","GhyQJJvLtRyj1i4snNFCYM2JPD9gyKAPloRddl2OM2Y=","UGzKFpz1V8tRYWgQxQegrAbSYtGFRlGkVQ7003b08Jc=","lXaccEBNlu8QPXxZkpbf/5MrY2wr6sxYdWviZ5uMkj0=","dwxcb6zPymehbEk+GQGygug8sHwYAaJZCKqz/kElwJ8=","lE0TmRfPZEGwtsTEEiIHpQ7mP+tH7J3bH/MjX5zyQI0=","ewhLpH/PFWY1u2Fv2Q4aZAde88hMUpowku7SAfJw/go=","2qtHp3gY0QphdQOpwiYXnf8UT4hcatykQvM7TfURjl4="],"block_size":4096,"path":"ckeditor/ckeditor.js"},{"block_hashes":["7mPZckgt5rTXrNlzRy6SgNv5mEd99BQnN2tuicy/0kM="],"block_size":4096,"path":"ckeditor/ckeditor.php"},{"block_hashes":["kZKEpPybOp7/daNfkCFdfHA7UkhtpI76MM0CBtYltrs="],"block_size":4096,"path":"ckeditor/config.js"},{"block_hashes":["unTa7DXV7jcgK6JW93pzVrrarCbUeBtzb8zZF1b82p4="],"block_size":4096,"path":"ckeditor/contents.css"},{"block_hashes":["VI8tb00NggxsX/vv/L1/DnMZPiky7v5UKszIR2Le7Ic="],"block_size":4096,"path":"ckeditor/images/spacer.gif"},{"block_hashes":["VgCwJ+DosAZPL+FIsD3WfUHBIoUxnJJWp5kWoVP91Os=","IJDx7uvZIPZsuDKPF/15bj7jSZ2PdyhXaJjvUFIPcWA=","D/eW5ARloNx32t2Ai6uWJGGDnrHNZ+e3mjDfwMAsF4I=","M0r85LOcDS6QjagOMcWRx453PqG1zagLAhRwTdmej4A=","NRejxorH1JY2Ul8S3RI0BYwW16cYzkouJj5SklSJGC8="],"block_size":4096,"path":"ckeditor/lang/en.js"},{"block_hashes":["AWJkYr6NR6XYwtWHIttY9uteSRq52SHa6TXRzZKUkOM=","e9Y+QVBNYV/gT2JnFvLAf0RjScVfmvQGaN7z2woCS6Y=","j7vAd7AQpkxj/r7nU//7ve4kqCDYkQ9q/jV1r+3/r1c=","TwUBw6eP8bzd21SeZUmslXYYyjSNv/tgZQBKae0uvDk=","7XkBEgVla15KAnCWabwkFzmLMslA73fVyx7nMZWdNWw=","lEMlz5oUpz6LLZ/6FVu8038uYFCBuRGNUrKmEkIcKCY=","KWuOSIs4GDv4eSBHFb5xaucsf603XJZJj5iCEzPEZas=","BmGAgXb7ei4MA7lqWODFrDosbS0KwS5cAOV0r83vUlQ=","zSL0zfYb/9OJG949wbUXp5SzYaHmev4z0Wux8ytJm20=","D8o/sd+aqI68xeFNoaRqxaTaadW4Ntc/8ef3IyrkK7E=","fYrwNd3bciafdb4kNQmO8SC9786yhPKsiDAzTVRUgR8=","BaO5vE6HVftrlAigwS9dyKHZC+LbumP3XWPTaVH/xd0=","ofMObVbuL/99+1cFCNpzeCpC7dr5Q1agX4o3Vz7R0yA=","WiaX+YvVezUztNja4ZoTFmqa9xB+O9Varh1HkzolzZI=","R7jV/vuTZvTNAseWmTJ70rA+qDAozB95yBl/vpXFpic=","Yg8wvPjg3gT7mab4bcqlaS31KxjnezxVOdak+TL2UYs=","OZlmfx3ktv94ghzD0yR/EeIycq2fu769eokNWQ/T2rg=","UUwtHf0AmmYWwOz7Gz85LCkZGPlVeI1cQx/F2Iqwy/A="],"block_size":4096,"path":"ckeditor/LICENSE.html"},{"block_hashes":["WKo1ULg0lbBREbC7rBZjkHOCkbcrdlnTFqZbdBId8SE="],"block_size":4096,"path":"ckeditor/plugins/a11yhelp/dialogs/a11yhelp.js"},{"block_hashes":["ddy9H5nPytzpi3ghtrgvzTRwP0r/qmvHROo4+hz0Dhs="],"block_size":4096,"path":"ckeditor/plugins/a11yhelp/lang/en.js"},{"block_hashes":["jcMMNkXkJplIrYN7fWd/Qk1iqnP4ixm67pdZwwN8EMw=","U3/bDYkp4qafRveBbPLxkJmITiKmaJnjk/N/cFPuTE4="],"block_size":4096,"path":"ckeditor/plugins/a11yhelp/lang/he.js"},{"block_hashes":["5biyGcwSTQ3FUl9F62BYBElRmT/kW47QxMvzGze4AJQ="],"block_size":4096,"path":"ckeditor/plugins/about/dialogs/about.js"},{"block_hashes":["uKFr4j5TYwXiShA/vAlxHO27eg/xnTVXTDumtLHa3OA="],"block_size":4096,"path":"ckeditor/plugins/about/dialogs/logo_ckeditor.png"},{"block_hashes":["AIB6Zf+pZYlG6pHRjeBKDbx+mppo+fMukG3ACXEmUSc="],"block_size":4096,"path":"ckeditor/plugins/adobeair/plugin.js"},{"block_hashes":["vjnrASXcEYyLLVS+t7VM1tYSYT10RQAKKWVj7tsoSY8="],"block_size":4096,"path":"ckeditor/plugins/ajax/plugin.js"},{"block_hashes":["tDEeSWr2lnyTfrfrJ7p0MuxQss7nf0TYuTqisS6EtE0="],"block_size":4096,"path":"ckeditor/plugins/autogrow/plugin.js"},{"block_hashes":["5astLl5l+hXxL1ZAWOEKTE/o3QDLhTOgOz+1jJNmtxA=","HYj2Nf0HLPdrfgEx3j1aH1ZyVEmJGFHV+Q6wkf95h/I=","Qo3bhY3qoKH+uquZBvt1HaT7M79IskJD4z+qw5cEjI4="],"block_size":4096,"path":"ckeditor/plugins/bbcode/plugin.js"},{"block_hashes":["dQ1/UaL+uVxgdkrz8NfgS8izJ+3hCn5zUvAGtNXqOyM="],"block_size":4096,"path":"ckeditor/plugins/clipboard/dialogs/paste.js"},{"block_hashes":["oBy5HEjbr2+110NUeyZF8q4r0tQ3yUPWOU9dOD0eujs=","EJ1dgtxMs1RpZ242oL60UMxOKZ0AZ94Wx8m0clsY5dw="],"block_size":4096,"path":"ckeditor/plugins/colordialog/dialogs/colordialog.js"},{"block_hashes":["tX1wXho4fbXUpb9x9sSqyQuPW+dlKoeSgnv6CAfH7kY="],"block_size":4096,"path":"ckeditor/plugins/devtools/lang/en.js"},{"block_hashes":["h//QK/rkjG44gGY6DuiOTaKUnzk/m3DBn1RJfjlxx3o="],"block_size":4096,"path":"ckeditor/plugins/devtools/plugin.js"},{"block_hashes":["auM6PVN8zQr+vp/w34aiWr1wTiQJvtmTITRVkpCbIMg="],"block_size":4096,"path":"ckeditor/plugins/dialog/dialogDefinition.js"},{"block_hashes":["NVTp0iszBreesV0SJE4y6mVzrUi3CGYuWAnxRHZHqXk=","Oj56PbxFglMdxnZBmchDJx8mYs9sSkgeiiL4pwgv5dw="],"block_size":4096,"path":"ckeditor/plugins/div/dialogs/div.js"},{"block_hashes":["QtChjJpQWmfG4CrhsFlwvbmQEDkX4c6c6Nhw4y4qyVA=","cpNmcjkjB5ilL54YeesqItCfS29hy2ApS73IVFyZX70=","rsi9scri+wseidNHqwLCFkVDlsBtfSRzr0PLEpjWBFk="],"block_size":4096,"path":"ckeditor/plugins/docprops/dialogs/docprops.js"},{"block_hashes":["Lvxn4eGa9TWk2r2JaUbzOuxBiJyjwF7zpvKplndTv5A="],"block_size":4096,"path":"ckeditor/plugins/docprops/plugin.js"},{"block_hashes":["MG1HpWFYmvmLBxLnt5EqBbCaApSQCPsemyjA21p0Gsc=","/EF55/QKr2cu6LP99Jm0BNQJoGtQP8t/DgsudZ6FGtM=","qaRs1IujzLon87Rj31yhtWtdChaXTq5Xn52LGTJeI3s="],"block_size":4096,"path":"ckeditor/plugins/find/dialogs/find.js"},{"block_hashes":["UpZDVEFTYzAp5b/6taKaWIbLoAr3MEpXZ9cXZd9ZJZw=","DydENs+Rz4VPP4HmAjnOfmwRFfCMm0vlpwtjlfoX3gY=","ijLRY7InuofOLmfsE2oInWbNGe3euH6DtSLnm5nyXoY="],"block_size":4096,"path":"ckeditor/plugins/flash/dialogs/flash.js"},{"block_hashes":["NpNDH/FpXJaR1bKb7RwuML6EPtt3vEXvJe/+Prd2p9k="],"block_size":4096,"path":"ckeditor/plugins/flash/images/placeholder.png"},{"block_hashes":["a5i9Ov0/mIgwtAHbTEYsTk2xEwZlWOncwBTgkea7EOA="],"block_size":4096,"path":"ckeditor/plugins/forms/dialogs/button.js"},{"block_hashes":["WB1Oz1xXA4M4pF/hFMl08BlE1JLjwk45zZhzJpXGI/k="],"block_size":4096,"path":"ckeditor/plugins/forms/dialogs/checkbox.js"},{"block_hashes":["sMr3HqFZn28/ugVxusxdS87WoBqIL6p7CTooqZ2RH6g="],"block_size":4096,"path":"ckeditor/plugins/forms/dialogs/form.js"},{"block_hashes":["JSdCNknvDqUB0BJnkFjzhUa7se6AvzO7QIwP8nqkRQ0="],"block_size":4096,"path":"ckeditor/plugins/forms/dialogs/hiddenfield.js"},{"block_hashes":["qtdWk9Ca9dhgOejgGkKrCswdcxhm42ZoBdQpMSQ6pTI="],"block_size":4096,"path":"ckeditor/plugins/forms/dialogs/radio.js"},{"block_hashes":["BXwB4Do8eI29aSl+8kysCWgySo4hwS47AaSXGY4JArQ=","MGgucaSNdJJ0EpYAdBKhj0+hNNq6jYgWJFU0J0ujNM4=","IxxmcJEgAvMBRq/0/1VG8BRQyolyoZV+u+x6iHVsp48="],"block_size":4096,"path":"ckeditor/plugins/forms/dialogs/select.js"},{"block_hashes":["319NHsd7RyLwi+qEhbQLvrNfvoxEp2WDgyR5S2TMCbM="],"block_size":4096,"path":"ckeditor/plugins/forms/dialogs/textarea.js"},{"block_hashes":["84STKGfi1Yr+sR2dK/EphWPE0OQYwE+s5YsBaINgb8I="],"block_size":4096,"path":"ckeditor/plugins/forms/dialogs/textfield.js"},{"block_hashes":["5HFCPtlvyyx4xu7YsqYI85yEICRkgl5tqCyrVOXKpxk="],"block_size":4096,"path":"ckeditor/plugins/forms/images/hiddenfield.gif"},{"block_hashes":["pEJvwVU81ri0LN3y1Ox3yfLjH/JhHlcnzTpBMIb2jHQ="],"block_size":4096,"path":"ckeditor/plugins/iframe/dialogs/iframe.js"},{"block_hashes":["s9xTYrSj4XSngptBXspijAGUwzEJpIf8LEB1zJIcTPg="],"block_size":4096,"path":"ckeditor/plugins/iframe/images/placeholder.png"},{"block_hashes":["BBOCMp6tebi3Rwguwv2AWlloJlCJ7ZYqNcDGMCUsenY="],"block_size":4096,"path":"ckeditor/plugins/iframedialog/plugin.js"},{"block_hashes":["bGqpVfVlIM3Yvbp3AittKJjfcrj4+k+GmBsTdTWb3P4=","W2aslXY79jMydE4MsSLxW4vIomOxTNe6g4FMPpW6ja8=","XObfabIPXG1sPeoF0t7acz5oSYmsXEdqsarcUwETtFM=","gDTC6qy58/rDEocRFAJl3bmrkBMZT/R70h3nIe8D/ZY=","IKi1Ut6jQcmwT5BRKXFKDtotbewqxJWBE11SmBZKZhU=","R4ZXuk1NrHg1Iel+nx/KoF8z2MUxbgIthN0ZF1rBOas="],"block_size":4096,"path":"ckeditor/plugins/image/dialogs/image.js"},{"block_hashes":["wEyjPTHM7ss0qvSSFeF5IIt8Ub/XxOmPRSBaGOou58w="],"block_size":4096,"path":"ckeditor/plugins/link/dialogs/anchor.js"},{"block_hashes":["0IXpsT3KAQu/3FxyVT8EGGk5vK3zdh1jxwxNJzDiW/Q=","gtkKnptT/dJj0CjzbD6Dfu4XryZK5rX9QUHaEx0PAHk=","q1Mj6SgTOfz4TMl5B+ofhz4qlwMlqYKOE33g7raTVdE=","3ufe2iQ5oTNS7M96Axg7pG5ftE6yij6CGD8ROUqghaQ=","Z+/h8tzgfNrt/dpZ681tPCyhhvn8IDV1jus07g01fb0="],"block_size":4096,"path":"ckeditor/plugins/link/dialogs/link.js"},{"block_hashes":["Qll0qpeiaijAK/ooctb07cIR5d5HlbX2pg5QhfbswEA="],"block_size":4096,"path":"ckeditor/plugins/link/images/anchor.gif"},{"block_hashes":["uwXAplpewxt/udvvbVQdkzraZvA2WKhHJtbMNu1I5GI="],"block_size":4096,"path":"ckeditor/plugins/liststyle/dialogs/liststyle.js"},{"block_hashes":["llGSl4cHW8Zuy4sXI/ygx/W6whVmPu3k7AGCLzWSrwY="],"block_size":4096,"path":"ckeditor/plugins/pagebreak/images/pagebreak.gif"},{"block_hashes":["LROjwK3SJnHgDTV5O1xNmIxbUDEpGa6Xc/TufqTjKPo=","DUl6y9u3jz1FZh0PLFo7DeykEF7qC/fGh4gwF2iZOyw=","acY6XXi0j8p1ysvURGxAME8PTFP0jmmn/zbd6ru1TOY=","UtlhOHygz45vfEdlWD6mowbcmzPh62OynIAzHbiv0f0="],"block_size":4096,"path":"ckeditor/plugins/pastefromword/filter/default.js"},{"block_hashes":["PRx477D2Wyf/Wr779TNB0s0nQEE7k/+pAtt8FmNXHh0="],"block_size":4096,"path":"ckeditor/plugins/pastetext/dialogs/pastetext.js"},{"block_hashes":["aAzK3cuLT+KohU3DW7hYOvnboWzKx30I3wycgIe9m5E="],"block_size":4096,"path":"ckeditor/plugins/placeholder/dialogs/placeholder.js"},{"block_hashes":["ReXw8kiRqHNd9vfbM0j/Fgu4It/iQg2HorLHir+YoqM="],"block_size":4096,"path":"ckeditor/plugins/placeholder/lang/en.js"},{"block_hashes":["9ufN1GT4mX5IkXvIgTDCWcwy7zVYMUzs8S4FVTrRbPM="],"block_size":4096,"path":"ckeditor/plugins/placeholder/lang/he.js"},{"block_hashes":["UIfgOyxpoIFl76yDAlzts968h4rZqrUMBNFz2b9Skjo="],"block_size":4096,"path":"ckeditor/plugins/placeholder/placeholder.gif"},{"block_hashes":["ndbfIk6nKeTp54JmKJ6KowPeCbczj2Sgp8cR8MqWD+M="],"block_size":4096,"path":"ckeditor/plugins/placeholder/plugin.js"},{"block_hashes":["0zUaQYtc6NqzXVPIbONhrP5HW3inHJIdKcl7Vj4j7Nk=","b/GZqSOaNQkeZUnJdJvyPUAlpRjjKw1gQihphHbD7CA=","aae1Gs24ht4A5sV6OMvAMENSeOLQdykNhqWMXTupyio="],"block_size":4096,"path":"ckeditor/plugins/scayt/dialogs/options.js"},{"block_hashes":["dF97SKO3V79D5HOrsTE5auPCyB0Ef8yaXqx0TCuV/a0="],"block_size":4096,"path":"ckeditor/plugins/scayt/dialogs/toolbar.css"},{"block_hashes":["/ky7ZWtQo0aU1Zoawuc7CNS7a6jb409bpbRwifJRUzA="],"block_size":4096,"path":"ckeditor/plugins/showblocks/images/block_address.png"},{"block_hashes":["d7STMJJTJXF4KFDy7SGOwsCor6+yTFHoJlYALfM3aCU="],"block_size":4096,"path":"ckeditor/plugins/showblocks/images/block_blockquote.png"},{"block_hashes":["8g0DGRoeX1dW0tPlcg7SYf0ku9/9j2ehmVxZFN0LEa4="],"block_size":4096,"path":"ckeditor/plugins/showblocks/images/block_div.png"},{"block_hashes":["u8qo+K01W1xh8aJx2zJtY+tspdjGhLfLgKP9w329+nA="],"block_size":4096,"path":"ckeditor/plugins/showblocks/images/block_h1.png"},{"block_hashes":["rnwNGzBmSbSHAoYpIrgs9sEwrGg6hic8e14XzBBiKqg="],"block_size":4096,"path":"ckeditor/plugins/showblocks/images/block_h2.png"},{"block_hashes":["f6LgIKnmT6Myr0G7kWxlQzOspv/mH/5r0B5x5+VcCWY="],"block_size":4096,"path":"ckeditor/plugins/showblocks/images/block_h3.png"},{"block_hashes":["9cL2HNBEw4cX1ddoWwt2Tn5xrkxt1oK6DirPfYmREL4="],"block_size":4096,"path":"ckeditor/plugins/showblocks/images/block_h4.png"},{"block_hashes":["ObA2lQVYVp0A6u5t941dld+Q6rknVxwuRclP5YXpV1E="],"block_size":4096,"path":"ckeditor/plugins/showblocks/images/block_h5.png"},{"block_hashes":["gM7JOiI9t8GZ0LLf5q1dhWaoPfXHbXXP9KYOfBjtHJs="],"block_size":4096,"path":"ckeditor/plugins/showblocks/images/block_h6.png"},{"block_hashes":["in5BNToye6zfiw/ujqiC+HHpZ/dJfx+hm6k9Z4/3r20="],"block_size":4096,"path":"ckeditor/plugins/showblocks/images/block_p.png"},{"block_hashes":["EmV0rgjNA4AJ3aGoHHRE7khnE9H/GPlOxGqv684fr2I="],"block_size":4096,"path":"ckeditor/plugins/showblocks/images/block_pre.png"},{"block_hashes":["pLPIxDl9BiEzehXUW0A6qUJ9KIsmKtsrfOES90WzGb4="],"block_size":4096,"path":"ckeditor/plugins/smiley/dialogs/smiley.js"},{"block_hashes":["2EPRjua+jqmT8TAsfTgFdEzmpg8KVU1ZwSSno1AhdGg="],"block_size":4096,"path":"ckeditor/plugins/smiley/images/angel_smile.gif"},{"block_hashes":["upcN/rd4sYExGtWDAdMWkvz8LkIHobgN6l+GPdi5oCA="],"block_size":4096,"path":"ckeditor/plugins/smiley/images/angry_smile.gif"},{"block_hashes":["ujSKi7/LWneq79fhIyfS7Nr/ueUxbZNN5TZvALbC4x0="],"block_size":4096,"path":"ckeditor/plugins/smiley/images/broken_heart.gif"},{"block_hashes":["M3489SMEZYqijxEx8kACG2WbnpbeQN3/0QQJMf4dACE="],"block_size":4096,"path":"ckeditor/plugins/smiley/images/confused_smile.gif"},{"block_hashes":["srnokWYSWTpX74ps5PqNSYM7SmKs9SWoUePhjvi7o6M="],"block_size":4096,"path":"ckeditor/plugins/smiley/images/cry_smile.gif"},{"block_hashes":["wfyzhfVS+qLwDq7G+XpSg+UpjCLnHbgtkaqRF91e034="],"block_size":4096,"path":"ckeditor/plugins/smiley/images/devil_smile.gif"},{"block_hashes":["hSkHtYH4116pBQbTsuYMd1F8m+v0Dw62dOtJHhF3rws="],"block_size":4096,"path":"ckeditor/plugins/smiley/images/embaressed_smile.gif"},{"block_hashes":["42VqXVFtHPZ8c8aklTIMu/c7YnBQH05D12GzvTX6YQw="],"block_size":4096,"path":"ckeditor/plugins/smiley/images/envelope.gif"},{"block_hashes":["iJaDa6ZR5Qj9x1j/6+JfaNSk5bM86C94MgdjIwbE+m4="],"block_size":4096,"path":"ckeditor/plugins/smiley/images/heart.gif"},{"block_hashes":["qppbno+AVfmGVNTEv05xceKqicZvnejG5YK42AKzTbQ="],"block_size":4096,"path":"ckeditor/plugins/smiley/images/kiss.gif"},{"block_hashes":["M1SogLqrf+yPuvh8eryUdCidSUGLK68Sqx2uNXOe2Gw="],"block_size":4096,"path":"ckeditor/plugins/smiley/images/lightbulb.gif"},{"block_hashes":["7jKJSdikbPqc5CcTC+842yUDFLrLdJTj+j0D4KkD/BA="],"block_size":4096,"path":"ckeditor/plugins/smiley/images/omg_smile.gif"},{"block_hashes":["TKKg4/sJHYw/CAzJbf3u1FFP6PUpgxdn0UiA5sw8mj4="],"block_size":4096,"path":"ckeditor/plugins/smiley/images/regular_smile.gif"},{"block_hashes":["uG76lnsWc5gySL+6KexWwKqIYQKE5tVfWEzRr6cxR0g="],"block_size":4096,"path":"ckeditor/plugins/smiley/images/sad_smile.gif"},{"block_hashes":["7Fncb3G6BREi4rE5gDfl9tRjTml0um7BkBKzAzFh6jM="],"block_size":4096,"path":"ckeditor/plugins/smiley/images/shades_smile.gif"},{"block_hashes":["45jBKMs/bcTdp0bbbL4+O2aDHfIazeCtzX4EXMZt3gk="],"block_size":4096,"path":"ckeditor/plugins/smiley/images/teeth_smile.gif"},{"block_hashes":["H9e3gVn6NVfUvG6oRQw1n1k0O2cPVSP4RQ23IM04dyo="],"block_size":4096,"path":"ckeditor/plugins/smiley/images/thumbs_down.gif"},{"block_hashes":["sC53o2rMVSUDePAPB51xaSp4bRcBwhnlsE7zrrUppdQ="],"block_size":4096,"path":"ckeditor/plugins/smiley/images/thumbs_up.gif"},{"block_hashes":["pntjmdIo34BNVbHNc2IX5LH9HyYlsoEFIyBih9EhcAU="],"block_size":4096,"path":"ckeditor/plugins/smiley/images/tounge_smile.gif"},{"block_hashes":["7UUrzjp+TpQGbExNjDnNZ4Og4tbMdaagTTfw1Gq0fbU="],"block_size":4096,"path":"ckeditor/plugins/smiley/images/whatchutalkingabout_smile.gif"},{"block_hashes":["32nldxvOMqo4HtWUW0JIe8j6O3cSTEteap8sqcHjwwk="],"block_size":4096,"path":"ckeditor/plugins/smiley/images/wink_smile.gif"},{"block_hashes":["M4YjPwJZ/cyvR/9eTY9WDugxeGj8Z1xfL7wbmVDtDk0=","Qbt/2CacErCLLuL3XoNA2beGGfPApcDRM2egcGXynXs="],"block_size":4096,"path":"ckeditor/plugins/specialchar/dialogs/specialchar.js"},{"block_hashes":["OQbeoC/v+m66ao3c7X5SkdLEuTQwmhHA7zESCjreHnA=","4vx0oTDCv0RZ5X8a8hd8TnNjGjGTCZFCQRgAkLbs5lM="],"block_size":4096,"path":"ckeditor/plugins/specialchar/lang/en.js"},{"block_hashes":["hKIhxwe2bw/jZJlRdARv9olNw4MAQUeVaC8THtI9dLY="],"block_size":4096,"path":"ckeditor/plugins/styles/styles/default.js"},{"block_hashes":["DKBP75yTuzcuvbFZAro5RkMYbP32UMwxmI5zdALZ0hI="],"block_size":4096,"path":"ckeditor/plugins/stylesheetparser/plugin.js"},{"block_hashes":["nQZl/pu7majPlFaAG1kB6DP+UvNicEY5NclTX35gRkM=","h5g0jW7coSzgHrxqy/sfF15Vutjq+Xi4ik34sYQpYnE=","mxMZlLB/eifaIYjA4NLx6mO7ZsILWtsZkjxQ+6UPHDI="],"block_size":4096,"path":"ckeditor/plugins/table/dialogs/table.js"},{"block_hashes":["qDyE9cdiJQBSxqnBevA5B9xlm8/sKD4hPkG2qp0ktVk=","BSjx+o1CZYi/dndmKc7S4jB7llvMJFnB2l3FEWjpjT4="],"block_size":4096,"path":"ckeditor/plugins/tableresize/plugin.js"},{"block_hashes":["uaJDONYEsXq3vqNAOmAd8DP3J+grRs9c+GNLrRvBZmc=","K69YQT9BsxSeRLfpimZzkFGcAq6t3HEoVOE1LnMSEu0="],"block_size":4096,"path":"ckeditor/plugins/tabletools/dialogs/tableCell.js"},{"block_hashes":["1e9gn1JeRO0Z6oEE6p6eHCFPLOf98V0MBh2Dx3CQl6k="],"block_size":4096,"path":"ckeditor/plugins/templates/dialogs/templates.js"},{"block_hashes":["m1gQ8vIVyX07ziERftvmwo3ej5H3w+2DOK54/EOKvQM="],"block_size":4096,"path":"ckeditor/plugins/templates/templates/default.js"},{"block_hashes":["plgZbCmA0Gc9NMxnQMcmQvhWCvSZ0BHg9TyO3fiRKVU="],"block_size":4096,"path":"ckeditor/plugins/templates/templates/images/template1.gif"},{"block_hashes":["Xou4fM0oXZfaafe1q/+nNSVlSd7L0dc4w38GVHfDsHU="],"block_size":4096,"path":"ckeditor/plugins/templates/templates/images/template2.gif"},{"block_hashes":["MzOUSjTwMeiTP6hZbLHMFCySl5QZesoACZDvy4fmROA="],"block_size":4096,"path":"ckeditor/plugins/templates/templates/images/template3.gif"},{"block_hashes":["6oYLxALB6C3bFCCEoR7dLGH1DA7crA0Gnu7Dl+achwo="],"block_size":4096,"path":"ckeditor/plugins/uicolor/dialogs/uicolor.js"},{"block_hashes":["NgJDQ+aYVmANF5nHeupE0M2QuSfZi+yty6P1P6b+Fpc="],"block_size":4096,"path":"ckeditor/plugins/uicolor/lang/en.js"},{"block_hashes":["RuavJl1/QfadQQwkOUGQLoFGp4W/6a+71kdasxVjiWs="],"block_size":4096,"path":"ckeditor/plugins/uicolor/lang/he.js"},{"block_hashes":["U5tjZcSYMockwVe8CE/+hxN7z3Jm1gmqWVlKdqLl+OI="],"block_size":4096,"path":"ckeditor/plugins/uicolor/plugin.js"},{"block_hashes":["i/ObTIVF2Z2ZO0drOsCPacTMs+sZzRuxGpgBz0g8+ps="],"block_size":4096,"path":"ckeditor/plugins/uicolor/uicolor.gif"},{"block_hashes":["rdhLDhISdmvx7ivPBIKzYvbCFNzjEopNzQpwsAVcThc="],"block_size":4096,"path":"ckeditor/plugins/uicolor/yui/assets/hue_bg.png"},{"block_hashes":["SrBjmV0Hvv4bVG40ZoE13yCGJThLjpUchsSQiHCIhYc="],"block_size":4096,"path":"ckeditor/plugins/uicolor/yui/assets/hue_thumb.png"},{"block_hashes":["iiaZtRMfdjxywZuxW8Fi+TaunR9Y5ZoN87LZ7DswOKI=","xArCCDf768MEx3zb+Qr168qu4IuiC0ZXwL1n/iTt4v8=","pePq6jOtI9Zt9hYzvJ3oKzH9XDNDjedlumvybIqcsNk="],"block_size":4096,"path":"ckeditor/plugins/uicolor/yui/assets/picker_mask.png"},{"block_hashes":["vwWZctJ+RCLUezviTkqSqmp2Uf3y1+eo7dMVpbWH6XI="],"block_size":4096,"path":"ckeditor/plugins/uicolor/yui/assets/picker_thumb.png"},{"block_hashes":["2EET2RewZARH6UxVSzo10csoCVsYLsBoVOzTuEGO/2g="],"block_size":4096,"path":"ckeditor/plugins/uicolor/yui/assets/yui.css"},{"block_hashes":["5KubcXugP6asUp5AGTtL7CK59ViZ2Wr7YS197O++Zh8=","LOaIqISiD7bOCgRsOAYCpG+FKkiw0BGof5MukMkVLA0=","ncemq+leLV7tJ+xJZFIz+jcyBhMgsEoHGtPQNxt+AYk=","DagXdag5sHEX5RZ5IAeqLeqmaw/ZcOA7Bcbz9NSI7dw=","Q1YO9z/xlXkQoEM/tt7xW9Y9CKInXpVIAskuy+NkvlY=","rg/3qtS3GeUKOWK//UmW4Z7gEpgWS2EkWw0x9njb9R4=","kJe5oWLMOW+4vhC4ckz6tmyV+QtRJ9SnKOQQg/tMcGE=","jGK4/RrqcSdXbVPLx7iiTRlz8ft6/8bReaUIWx+fD60=","cu+tXfzYMHRql970xnLQcNj1vgtMYj/2jHmk+G3YKd8=","v7YasitNk8OFRPiO12zuj1Laj7T5vtCE+Wst5UP6V/o=","/PDVtjHR3w6zcAjExHbLAr6FJcfMfinErqy6EkaTsoA=","6/KSuL4Xx6P+8sl6sALk5gP5Db12LpPODg1mpiVpZaI=","8iSLD9Tg4sdxcHLNQoHSsBdWx/xHT9h1WjTOL/69/tU=","qg9Z3SlOe5llgJVWYAVKkMQbK06SXrvKvCLsKpLrC2s=","x+jqxhSiLOo9SPl+7sqTCDrgJuYyXt8JKSNC9h2RsjA=","iR7Gdk+Yo8HVxTfRPOwBqHiMR54SAC9eeBAHSqyEXBc=","wqYSwZP26fzEZU90usRBXcNpp1VZMGwTVwLKARNYtXA=","/848Bkz/H4DwfGVrV0trA4dPHkLHnrpvNLUALl3CN8k=","mOyUdvL/3QZT/Jngvuv2CPW1DNU0O8O1yZzWOGlU1XU=","l3CaUAyGTfTGUDMW7WYim+7PF3F7s5yTvlIWkiQwFk8=","UaU7njTswtukMDMuCk7PD9HXtVHzaSpk4vWeAs4tbEs=","Gz1Fapgp+MBeuaiFBwVYJNP3qPEEm4eNBFw5GSvPlEg=","tVDvAO3keWo1s27dpV22356bedIOKxqOPrGiW24yw84=","93g0Q+bEomMSIJEi59Eow0ZXQXgM9vglv0n/Xj+mpqg=","Jn3px8JeDfvSQ3TTWZiRCI6D3RD3PLOx7l7udaalz8g=","qayWEY5aZ2p9IoJHYvoGLnCHzLJ54Kfj/74arjWR6+E=","ejXba8bQovJQe7w2NmEiJsMOibTS9pJWXVjNryuyejE=","U/+v5d7w3mbNgM32+lsz6I1j59ROk6ZclZU8sSY2Gcw=","bI4ziuSY4EHhnQ1FsL5gY0oANhSrtTyo3Mal7pqXFpg="],"block_size":4096,"path":"ckeditor/plugins/uicolor/yui/yui.js"},{"block_hashes":["8O+t/cqo3j8mUrjkOvXNfM9kIkeLpkUtKRhyWHXLKhg="],"block_size":4096,"path":"ckeditor/plugins/wsc/dialogs/ciframe.html"},{"block_hashes":["AmUpiY4abkiy1PUW9Cr61vU5hP22xrxYCisw7iB7iZQ="],"block_size":4096,"path":"ckeditor/plugins/wsc/dialogs/tmpFrameset.html"},{"block_hashes":["wStqNJwBzyeNI8QnWJ+2pajY8iYl6/I+OefkTj8g5nw="],"block_size":4096,"path":"ckeditor/plugins/wsc/dialogs/wsc.css"},{"block_hashes":["r3s4L2qxUdFKtHL04RtgA1Zl/2RJrYuWlNvIdH42Co4="],"block_size":4096,"path":"ckeditor/plugins/wsc/dialogs/wsc.js"},{"block_hashes":["8ozzyUIMqUdDDl34fXXssKjnHcsADZjSBqlyw3wBavU="],"block_size":4096,"path":"ckeditor/plugins/xml/plugin.js"},{"block_hashes":["QC8MO2AVHzPL7o7YBCm88zk8nhr4Tu5wzCcuXNzjKfs=","Izftz7UDe5cGvZcuRAdY+k4IVnMx/mAPEdynhG3N/9Q=","qKTLehysNVcxWJpGGXDOyOMusgFWNr8vKEQORj6ktBQ=","b2M01FVC02QUQlJIk3xA4Tki3bFY5EM4Yx5BGsEr/vw=","stb4oJ+NV+MQvjhZ1/ZJs9E8Bysd4Cz17ADkFG8veSo="],"block_size":4096,"path":"ckeditor/skins/kama/dialog.css"},{"block_hashes":["/d7gHgBEgm/wyfGnHxZ/DXf0YsGf9VFIfaukfDRUxFg=","MocLuy5vUJmP0EBdOLNBs9+3bjLaVxv8assrzxsqyvs=","/AhQwXnXSv2BeZOOpXqfUfMfHNkBMOl4muGl7yVKwzg=","yMx4rvr9Jxs02gt9sOuIxITqloLug159c9TKvATe+NU=","CEnFlnVRpl9rXL3u3jtUx9n3GiItqsOaiL6KwpvXdD4=","AY5XIP2R8/mxIAZnzZuj8dq8c9JE8vW6dRQk26lI3L4=","U/XQOhoqK3l80XzvBAwJ/l/DkoTw9v4IM+YapfaVE+M=","CaZXv0KhtFl7e9KO3f7wse11GUIsC968PiRiNkk5suQ="],"block_size":4096,"path":"ckeditor/skins/kama/editor.css"},{"block_hashes":["NyY9vd+zCqdLUeVpIdkGxytqp4JBzMUV6WVk30DUFyY=","kgG/uHk4XhmKFhDEF7WNZYXFUFwpR34tiHDUc6ylkw0="],"block_size":4096,"path":"ckeditor/skins/kama/icons.png"},{"block_hashes":["qlFIkwS9Gxy0UldOpwhXORxWit2Hdu/yBQKnN+E4df4=","xPNejzI82QMuXww77NmAX4vxsuRlQM5W4KAnj1Vwtqs="],"block_size":4096,"path":"ckeditor/skins/kama/icons_rtl.png"},{"block_hashes":["o75hsZbaDXyXLInnlVo4TR0JkB3CB9zM2ygIPpLMnfg="],"block_size":4096,"path":"ckeditor/skins/kama/images/dialog_sides.gif"},{"block_hashes":["acHr/pR1PCXNK7ZIGpM5Dz0oze0OAeNtarH2EUdNq0k="],"block_size":4096,"path":"ckeditor/skins/kama/images/dialog_sides.png"},{"block_hashes":["jC8BggWqQ9oC50HEpphh2M6P+EwMlCKciD8tMgvbN+0="],"block_size":4096,"path":"ckeditor/skins/kama/images/dialog_sides_rtl.png"},{"block_hashes":["y8KheOjC1bKnllxPzCtBlSasxxgsuLTPeuefszdHRtw="],"block_size":4096,"path":"ckeditor/skins/kama/images/mini.gif"},{"block_hashes":["K6XBt7d6ZqLeViAxpDJhM7vsiEmBJW8TDaTflKn8UYI="],"block_size":4096,"path":"ckeditor/skins/kama/images/noimage.png"},{"block_hashes":["IeSdm2J1PFUnTiRFh1H8b09w2brgKyBua/iOFzpeRh4=","UA8SIvhnn2eZeTWHGir6dF0xvnyMw2bRyM7zA89eES4="],"block_size":4096,"path":"ckeditor/skins/kama/images/sprites.png"},{"block_hashes":["kzFhO+fmZHNlwiV/YdlRtRmojTbDsxORQzLEbPke8iE="],"block_size":4096,"path":"ckeditor/skins/kama/images/sprites_ie6.png"},{"block_hashes":["5USIV23Numf3vjQBc1EEILS1YDr9MNLpaGPyexl5Qjg="],"block_size":4096,"path":"ckeditor/skins/kama/images/toolbar_start.gif"},{"block_hashes":["51FnAK2YEc7zeIAziRvysp7ACsKU/OUuC6BOT4GXaqs="],"block_size":4096,"path":"ckeditor/skins/kama/skin.js"},{"block_hashes":["vwRwSNQYuSdcy0iQCObFlas4FexBP6fV4KpYgY7m5l0="],"block_size":4096,"path":"ckeditor/skins/kama/templates.css"},{"block_hashes":["g1wgSlszHDn78kJQ6OwMnebhs64LVJdXubnY4i8Eh5k=","Ybejc4fBqE1K2kyAEG50eRuQ3M6bVvRYhncLgjdOAZo="],"block_size":4096,"path":"ckeditor/themes/default/theme.js"},{"block_hashes":["moSSpYC/hdPpiuiGH71FVn5aH4Pur8+VdNoDmdX2Aqs="],"block_size":4096,"path":"css/images/ui-bg_flat_0_aaaaaa_40x100.png"},{"block_hashes":["Oat8zZ9Ogledp4qSQSZd8ojY62XbvXz0iu0tASmIffU="],"block_size":4096,"path":"css/images/ui-bg_flat_75_ffffff_40x100.png"},{"block_hashes":["aRWX6KQKiR6pTTWJl27Pwz5hRcSUIkQ7AKwrWgAilkw="],"block_size":4096,"path":"css/images/ui-bg_glass_55_fbf9ee_1x400.png"},{"block_hashes":["8ObNkbg31cVkTQJuX/7M2QeVMxfNXA9omQFzOv2iYLI="],"block_size":4096,"path":"css/images/ui-bg_glass_65_ffffff_1x400.png"},{"block_hashes":["wQj1y/LdnsB6JlMGld3ZXhZkWXzmwFauRMFizC4ozsQ="],"block_size":4096,"path":"css/images/ui-bg_glass_75_dadada_1x400.png"},{"block_hashes":["3fXdTg7ysYXouwr3tukOvnSoQ4TLRwBljnbnVMi/5VA="],"block_size":4096,"path":"css/images/ui-bg_glass_75_e6e6e6_1x400.png"},{"block_hashes":["9vHBvt8aDzfP74HRL18BKGnR7nyYR3WlaYJ6F4TTT1w="],"block_size":4096,"path":"css/images/ui-bg_glass_95_fef1ec_1x400.png"},{"block_hashes":["VCcGVt8HnE2lGCYpoID8YztvhLh5hesBbSWlYOLDjUo="],"block_size":4096,"path":"css/images/ui-bg_highlight-soft_75_cccccc_1x100.png"},{"block_hashes":["I4s85ycLRZwP3v65+vFqHms5cLRX/5xkJk5CP7H4C/M=","Xmam/fmjrRvZ/4plhH1grke1kVKWo9frGnmP4VfBLFI="],"block_size":4096,"path":"css/images/ui-icons_222222_256x240.png"},{"block_hashes":["7wY7UHfshlKVQgJkyZeEL185urUmsEsgk9aYGsK6uSc=","Xmam/fmjrRvZ/4plhH1grke1kVKWo9frGnmP4VfBLFI="],"block_size":4096,"path":"css/images/ui-icons_2e83ff_256x240.png"},{"block_hashes":["aZ7lQalzJaN029jgADJIt+O362fo2PepecfioiJdCRg=","Xmam/fmjrRvZ/4plhH1grke1kVKWo9frGnmP4VfBLFI="],"block_size":4096,"path":"css/images/ui-icons_454545_256x240.png"},{"block_hashes":["I5w8W5NBKgC3yMH0RJFALCKZs0nnaQqIiETWT1RzoJQ=","Xmam/fmjrRvZ/4plhH1grke1kVKWo9frGnmP4VfBLFI="],"block_size":4096,"path":"css/images/ui-icons_888888_256x240.png"},{"block_hashes":["r2m7RemVe4lVHEDuQHK5q3oXtC3sKjTJ1MOICs8+D9M=","Xmam/fmjrRvZ/4plhH1grke1kVKWo9frGnmP4VfBLFI="],"block_size":4096,"path":"css/images/ui-icons_cd0a0a_256x240.png"},{"block_hashes":["+JqRj0G2sbQkOCa6ZOPERhX7mBurlmEN7TmlV307jV8=","7zUmoGS6AIpRRPJfKIoEXBkuEXJTl/7k8/nfmCMK8hY=","+kUSpBS10HsHAZAD2lgokztwa7oByucQcAc5HWqOp3g=","d1RnK4juiVntfcpHNTNxWEF0nmdwSN3Tn5hHFktC7Ns=","220ZgPEZum4pX9PiwLTugS3haXG9rusDn/k3tlFJVbQ=","BU24G7IFGllNWoPmYsibbwKI1l2ZPTUreUBx0awoShs="],"block_size":4096,"path":"css/jquery-ui.css"},{"block_hashes":["NJkhpvMAQTu9tAhVt51ZWYWz4179xyVit5t/fnbHRrA=","WLXk55HYpAO2zkFZh1Ug/G8902cEk1201Ry0Ij3nzlk="],"block_size":4096,"path":"css/options.css"},{"block_hashes":["/o8e3relEGwfiXUIqsxyaNoVPXFVZI8oin00chHzOz4="],"block_size":4096,"path":"gfx/arrow-down.png"},{"block_hashes":["RbF6NTTmk3qCHsbMdvetJdpvMyMkni5PfQg4ZzFhKgA="],"block_size":4096,"path":"gfx/arrow-up.png"},{"block_hashes":["/6zKgvOQdM6MlBhMvMotGNDAUQiWBweC6MZgUDzsKuU="],"block_size":4096,"path":"gfx/delete.png"},{"block_hashes":["9D4gWzusKn1+bsoyR+N0kbqmPkP4pyS/7kOef3dNzkY="],"block_size":4096,"path":"gfx/folder-create.png"},{"block_hashes":["h0nrY6CEHWpQbJGwB7JQsxk9YJBTbqW/Vdq02dMsZn8="],"block_size":4096,"path":"gfx/folder-large.png"},{"block_hashes":["EVYWCyXJAP9OQlsajCyZVjb/3AjvvHH1wgJ9eR7e5XM="],"block_size":4096,"path":"gfx/folder-open.png"},{"block_hashes":["8+WFfuCjDgKkUJcoRv9vXKAHpiNn/Vx1MRm7ttBmlds="],"block_size":4096,"path":"gfx/folder.png"},{"block_hashes":["ZP62xr+KeRsKBTNWz8ofTXl44oQ/aZQyWLvIINCB1cw="],"block_size":4096,"path":"gfx/help.png"},{"block_hashes":["0MhPrZZJOOR3NrqdLSpWdaFqiZcIgcb2nEHu6R81CbU="],"block_size":4096,"path":"gfx/icon_48.png"},{"block_hashes":["tm6rxXniD8+P48v2VxGsGZfhEJARl7Esli7Eq6as7cM="],"block_size":4096,"path":"gfx/text-create.png"},{"block_hashes":["yeXQxm+sHJzhcqY+0Qy47L1ihImyKYCE4a3nTuUxIsU="],"block_size":4096,"path":"gfx/text-large.png"},{"block_hashes":["DUTsBQQg7kY1yCCR1gO0hPtqQmbY7fFpvQaHNOAQif0="],"block_size":4096,"path":"gfx/text.png"},{"block_hashes":["IEKC7bbT1xRjWi1JcIdxbYMaLADrEHjvRV5ug2N6L0g="],"block_size":4096,"path":"gfx/warning.png"},{"block_hashes":["FDIAPTsJhzRhxEBfEfDAz9tAVPvhEYN1S4gMNcBK0EQ="],"block_size":4096,"path":"js/background.js"},{"block_hashes":["QMOuDrAihFqaDIghEAbMi0Xg7Kcml0BO9X3sJpzX6UU="],"block_size":4096,"path":"js/content.js"},{"block_hashes":["6GE9cr+GFODO7p/e8voxmxtK3WekTYHUi3bnt1MYDN0=","wRtoG9AOPQ8HPv8L0QbIP+R0kXqRMt2DCV0wpuA1Flw=","oDyowKQzi348xN8TQiB5BdIMBgcd4VKQHOZ74hAb2UY=","kRDueeq2TYyZlQVQ+tJP2ARArb5u/i5AsoOZHljIX1Y=","sDK/iAIhnkjNn4obMaNgR+XsSGKlbvqY9uuQLFqglQw=","T22dQRcRZFnzoFtom/csr1QcZ/j85sqtcdKRsaWSBTI=","MdyUmplgDvQo2F2BKBpps1F5qUvt7+3MKZgvsmCM8CE=","68UW6DgrN0xkpWsn6aanOKp6SOBgVxvJlNBINoBmWjY=","zSwd4Upa0xzVI8Py9U0QxuVe304uYCS7JnEARFrHpaQ=","NRKaFhIrLNppY2xYraRPa9Dtl6T0wqJwFX5kIhQDDm8=","onGR1D1ucsJgwkkxIDvST/x6c0p5An0nuYN612yjOto=","LZ1IiWybBv8EqCri+F0Pwcxo8OQeH/zrwwWgADdrZBI=","jvTlHa3bP0FisQlihXTpZZqVCi+Mgr2asmfrFBl3yLc=","1hRbLsx1U7NLeq6VOo1oHcrX7EN+XfkQkFy1xGtzMIY=","C1z6rqqsqhifqvafyXAOo6G4hmL71qlFyJemkv5fxto=","LBsnGlQ1XzhnMXBi9FU13PJMuFX5+YdwwAQ2ibYiaeE=","bGlYLNYnJnYubWd+WaY4gXGYqCzRVb5kzibOIe1DuH4=","6PSNOy6cJPuUBrlSnt6KAeqr/Wctb0a7ZBGTiy2PQqc=","TR0r0lSCjOCUl5hl5w/eBrNCOpqiHg2f98wR2sCrW6M="],"block_size":4096,"path":"js/jquery-ui.js"},{"block_hashes":["JjIab2iHPEuHwBntklA38vaI2i8DJ2Qmj2UwDgwqi3A="],"block_size":4096,"path":"js/jquery.autoresize.js"},{"block_hashes":["vOZ00a/ezQFNWXfmryeQIy/PLpdd2L4ZWGM0w3mF6N0=","4KE0cKAZ4eY3UdrQH815r5peUSkzNncnZXKbJUDc4zU=","yaSfRtExnnJ01u9c76uiFCLsArUNJwgc4L6VJ+Y4Z3w=","vnp+sVsg42WgpN40/4TRP1JyhbuZSgaAMS1doWRaQAI=","yL15lIC9uAsz+P7OvMyNzzhZ2LIKopo9nbl9EI7E2MY=","Dx9vyG8vrBjyjiemamkgcvK4NFn9tIsCne32UvKcfUg=","671bjHc/Ivn8iIcuHtEJj+Fl2QL3rW3sL1BwuoA6jfo=","Us9TH7c8hKHxEfq9wyyskQ7omyLNk4f3A+FQWPCW6MI=","x8FB1WFuhjUgLkHjE8APQbeqWTsSqreAtFTX2O7YSMo=","lSyaVRJRYKVAujRqWcLKe8vpi/e5lhDKF+QG9qOeWBE=","VG9cFRqMDvK0REJmx7e25gEPeRQcR7LTi00KMWZz/bI=","IVuwhe2zp3DJuSgjlhxw3B3GbkvpK9Ww/A+DpOg4u0c=","2EY647k3eEAE2anBRI7lDtunei9kpPv+dwkTF+CCBKo=","RxszNQHTUd3q2ODd4PH5KdWEOfmw1fzsiV6Y0HIsV/o=","20hkQ+jUSJn2ET4lSgCaYhWS00HFxcl8h/2r6lIfY6M=","mvlo/SlDiDIquqO//8/y8c6rphyo2+htFmpYgxP4XTc=","2N49rWaEARDt2aFr3I590rWE0lo4WuCHGw0VOdmg6cM=","RFENXewPkPhDrJB4b7E7ytyH2bm6XZfT2iLrQbgMzuI=","9KzoYJBTJVlboHqAVZY0sar1wx0cvkssQxn+d/XArE8=","xT8C4+Jsab5LKQeT0F4i3+YgTo7KgEjXoJw0wXaLySU=","m5g8o90f0b1NFX3gdJKfego5MHTJDFj7UEPKepXXJyc=","HlrCzZMjD7/Thq3f91Xy1wYfaXyPiCei1vO8lFzjr+A=","l5Yf4I37ziPCiqoVn3QAKTaf+Km6yIgdcEcj9W431bs="],"block_size":4096,"path":"js/jquery.js"},{"block_hashes":["qM4jF7J5/XeOgQZWiwk5GJBUuBO69FUKUU0XrbPxtT0="],"block_size":4096,"path":"js/menu.js"},{"block_hashes":["nDRO/DEDI19kSGqu32iCrgpg0eJbMKQvMkBh5qveK3o="],"block_size":4096,"path":"js/options-export.js"},{"block_hashes":["hiDP2zXA5wS15gUDhQVXGuf+JY6T/wH10Q9vzYZ5C0I="],"block_size":4096,"path":"js/options-import.js"},{"block_hashes":["EiBJ7w8il3geZuO0azc+Zshb1n/uasnm3QONKfNGhS8="],"block_size":4096,"path":"js/options-settings.js"},{"block_hashes":["SfDbx+3NHp4FblXylb2s6+OPByqy4TleurLbQxAshQI=","Kq6wbzQXOwcZNiYeXdXe/xF+muoGC3gcsKHEFJiunGU=","LyPKiyAVSpuGaLS4BJ4L/rHhCBpQ26DMS3YpU+/83Uw=","ImkEZL3TEBLjONwrEn0mZQl0xX1gKG3TlwhKc/QlCv4="],"block_size":4096,"path":"js/options-texts.js"},{"block_hashes":["99DAU4UbIyLq4iyZ0G7qaKlHyas5oyOT/BdYE22hhEA="],"block_size":4096,"path":"js/options.js"},{"block_hashes":["sIeCrtSOVo4enAs5IOLkdTku4PeoK2Vek4BBW+FyYGE="],"block_size":4096,"path":"js/settings.js"},{"block_hashes":["hr8u+13lZwTjHOogGmcmeHMpYSdCbEcwPky7f0I7CcE=","rnuBcG0mZKmQYEReq10gpG9C+OjhNI5OjCDG1HUwNlQ="],"block_size":4096,"path":"js/store.js"},{"block_hashes":["DAXlfE+bZnJD9yDioMWz8DUif4KZw2Hu/tnQB22arwM=","DGcDMRUgLEyN6r8cTUBjT5famy6vD2ajrVM4RfOd3yY=","zSNp7pDM6pyWtckSPAUg+9nwX37FZk7u8RoIXl6FZaU="],"block_size":4096,"path":"options.html"},{"block_hashes":["APhlNfSTwmQ4M/it5r2oi0gz6f3y2wI+mjIjTs86p1c="],"block_size":4096,"path":"README"}],"version":2}