{
    "manifest_version": 2,
	"name": "Tile Tabs WE",
	"version": "12.0",
    
	"description": "Take tabs from parent windows and arrange them in layouts of tiled sub-windows.",
	"icons": { "16": "icon16.png", "32": "icon32.png", "48": "icon48.png", "64": "icon64.png", "128": "icon128-96.png"	},
    
    "minimum_chrome_version": "35",
    "permissions": [ "http://-tile-tabs-we-/*", "tabs", "webNavigation", "webRequest", "webRequestBlocking",
                     "bookmarks", "contextMenus", "notifications", "storage" ],
    
	"browser_action": { "default_icon": { "16": "icon16.png" }, "default_title": "Tile Tabs WE" },
    
	"background": { "scripts": [ "background.js" ] },
    "content_scripts": [ { "matches": [ "http://*/*", "https://*/*" ], "js": [ "content.js" ], "run_at": "document_start" } ],
    "options_ui": { "page": "options.html", "open_in_tab": true },
    
    "commands": { "newcloselayout": { "description": "New/Close Layout", "suggested_key": { "default": "Alt+Shift+Up", "mac": "MacCtrl+Shift+Up" } },
                  "hideshowlayout": { "description": "Hide/Show Layout", "suggested_key": { "default": "Alt+Shift+Down", "mac": "MacCtrl+Shift+Down" } },
                  "refreshlayout": { "description": "Refresh Layout", "suggested_key": { "default": "Alt+Shift+Left", "mac": "MacCtrl+Shift+Left" } },
                  "toggletoolbars": { "description": "Toggle Toolbars", "suggested_key": { "default": "Alt+Shift+Right", "mac": "MacCtrl+Shift+Right" } }
                }
}
